,emoji,name,demonym,shortname,unicode,html,category,order,key
ascension-island,ğŸ‡¦ğŸ‡¨,Ascension Island,Ascension Island,:flag-ac:,1f1e6-1f1e8,&#127462;&#127464;,Flags (country-flag),2187,ascension-island
andorra,ğŸ‡¦ğŸ‡©,Andorra,Andorran,:flag-ad:,1f1e6-1f1e9,&#127462;&#127465;,Flags (country-flag),2188,andorra
united-arab-emirates,ğŸ‡¦ğŸ‡ª,United Arab Emirates,Emirati,:flag-ae:,1f1e6-1f1ea,&#127462;&#127466;,Flags (country-flag),2189,united-arab-emirates
afghanistan,ğŸ‡¦ğŸ‡«,Afghanistan,Afghan,:flag-af:,1f1e6-1f1eb,&#127462;&#127467;,Flags (country-flag),2190,afghanistan
antigua-and-barbuda,ğŸ‡¦ğŸ‡¬,Antigua & Barbuda,Antigua & Barbudan,:flag-ag:,1f1e6-1f1ec,&#127462;&#127468;,Flags (country-flag),2191,antigua-and-barbuda
anguilla,ğŸ‡¦ğŸ‡®,Anguilla,Anguillan,:flag-ai:,1f1e6-1f1ee,&#127462;&#127470;,Flags (country-flag),2192,anguilla
albania,ğŸ‡¦ğŸ‡±,Albania,Albanian,:flag-al:,1f1e6-1f1f1,&#127462;&#127473;,Flags (country-flag),2193,albania
armenia,ğŸ‡¦ğŸ‡²,Armenia,Armenian,:flag-am:,1f1e6-1f1f2,&#127462;&#127474;,Flags (country-flag),2194,armenia
angola,ğŸ‡¦ğŸ‡´,Angola,Angolan,:flag-ao:,1f1e6-1f1f4,&#127462;&#127476;,Flags (country-flag),2195,angola
antarctica,ğŸ‡¦ğŸ‡¶,Antarctica,Antarctican,:flag-aq:,1f1e6-1f1f6,&#127462;&#127478;,Flags (country-flag),2196,antarctica
argentina,ğŸ‡¦ğŸ‡·,Argentina,Argentinian,:flag-ar:,1f1e6-1f1f7,&#127462;&#127479;,Flags (country-flag),2197,argentina
american-samoa,ğŸ‡¦ğŸ‡¸,American Samoa,American Samoan,:flag-as:,1f1e6-1f1f8,&#127462;&#127480;,Flags (country-flag),2198,american-samoa
austria,ğŸ‡¦ğŸ‡¹,Austria,Austrian,:flag-at:,1f1e6-1f1f9,&#127462;&#127481;,Flags (country-flag),2199,austria
australia,ğŸ‡¦ğŸ‡º,Australia,Australian,:flag-au:,1f1e6-1f1fa,&#127462;&#127482;,Flags (country-flag),2200,australia
aruba,ğŸ‡¦ğŸ‡¼,Aruba,Aruban,:flag-aw:,1f1e6-1f1fc,&#127462;&#127484;,Flags (country-flag),2201,aruba
aland-islands,ğŸ‡¦ğŸ‡½,Ã…land Islands,Ã…land Islands,:flag-ax:,1f1e6-1f1fd,&#127462;&#127485;,Flags (country-flag),2202,aland-islands
azerbaijan,ğŸ‡¦ğŸ‡¿,Azerbaijan,Azerbaijann,:flag-az:,1f1e6-1f1ff,&#127462;&#127487;,Flags (country-flag),2203,azerbaijan
bosnia-and-herzegovina,ğŸ‡§ğŸ‡¦,Bosnia & Herzegovina,Bosnian,:flag-ba:,1f1e7-1f1e6,&#127463;&#127462;,Flags (country-flag),2204,bosnia-and-herzegovina
barbados,ğŸ‡§ğŸ‡§,Barbados,Barbadan,:flag-bb:,1f1e7-1f1e7,&#127463;&#127463;,Flags (country-flag),2205,barbados
bangladesh,ğŸ‡§ğŸ‡©,Bangladesh,Bengali,:flag-bd:,1f1e7-1f1e9,&#127463;&#127465;,Flags (country-flag),2206,bangladesh
belgium,ğŸ‡§ğŸ‡ª,Belgium,Belgian,:flag-be:,1f1e7-1f1ea,&#127463;&#127466;,Flags (country-flag),2207,belgium
burkina-faso,ğŸ‡§ğŸ‡«,Burkina Faso,Burkina Fason,:flag-bf:,1f1e7-1f1eb,&#127463;&#127467;,Flags (country-flag),2208,burkina-faso
bulgaria,ğŸ‡§ğŸ‡¬,Bulgaria,Bulgarian,:flag-bg:,1f1e7-1f1ec,&#127463;&#127468;,Flags (country-flag),2209,bulgaria
bahrain,ğŸ‡§ğŸ‡­,Bahrain,Bahrainn,:flag-bh:,1f1e7-1f1ed,&#127463;&#127469;,Flags (country-flag),2210,bahrain
burundi,ğŸ‡§ğŸ‡®,Burundi,Burundin,:flag-bi:,1f1e7-1f1ee,&#127463;&#127470;,Flags (country-flag),2211,burundi
benin,ğŸ‡§ğŸ‡¯,Benin,Beninn,:flag-bj:,1f1e7-1f1ef,&#127463;&#127471;,Flags (country-flag),2212,benin
saint-barthelemy,ğŸ‡§ğŸ‡±,Saint BarthÃ©lemy,Saint BarthÃ©lemyn,:flag-bl:,1f1e7-1f1f1,&#127463;&#127473;,Flags (country-flag),2213,saint-barthelemy
bermuda,ğŸ‡§ğŸ‡²,Bermuda,Bermudan,:flag-bm:,1f1e7-1f1f2,&#127463;&#127474;,Flags (country-flag),2214,bermuda
brunei,ğŸ‡§ğŸ‡³,Brunei,Brunein,:flag-bn:,1f1e7-1f1f3,&#127463;&#127475;,Flags (country-flag),2215,brunei
bolivia,ğŸ‡§ğŸ‡´,Bolivia,Bolivian,:flag-bo:,1f1e7-1f1f4,&#127463;&#127476;,Flags (country-flag),2216,bolivia
caribbean-netherlands,ğŸ‡§ğŸ‡¶,Caribbean Netherlands,Caribbean Netherlandsn,:flag-bq:,1f1e7-1f1f6,&#127463;&#127478;,Flags (country-flag),2217,caribbean-netherlands
brazil,ğŸ‡§ğŸ‡·,Brazil,Brazilian,:flag-br:,1f1e7-1f1f7,&#127463;&#127479;,Flags (country-flag),2218,brazil
bahamas,ğŸ‡§ğŸ‡¸,Bahamas,Bahamanian,:flag-bs:,1f1e7-1f1f8,&#127463;&#127480;,Flags (country-flag),2219,bahamas
bhutanese,ğŸ‡§ğŸ‡¹,Bhutanese,Bhutani,:flag-bt:,1f1e7-1f1f9,&#127463;&#127481;,Flags (country-flag),2220,bhutanese
bouvet-island,ğŸ‡§ğŸ‡»,Bouvet Island,Bouvet Island,:flag-bv:,1f1e7-1f1fb,&#127463;&#127483;,Flags (country-flag),2221,bouvet-island
botswana,ğŸ‡§ğŸ‡¼,Botswana,Botswana,:flag-bw:,1f1e7-1f1fc,&#127463;&#127484;,Flags (country-flag),2222,botswana
belarus,ğŸ‡§ğŸ‡¾,Belarus,Belarusian,:flag-by:,1f1e7-1f1fe,&#127463;&#127486;,Flags (country-flag),2223,belarus
belize,ğŸ‡§ğŸ‡¿,Belize,Belizean,:flag-bz:,1f1e7-1f1ff,&#127463;&#127487;,Flags (country-flag),2224,belize
canada,ğŸ‡¨ğŸ‡¦,Canada,Canadian,:flag-ca:,1f1e8-1f1e6,&#127464;&#127462;,Flags (country-flag),2225,canada
cocos-keeling-islands,ğŸ‡¨ğŸ‡¨,Cocos (Keeling) Islands,Cocos (Keeling) Islands,:flag-cc:,1f1e8-1f1e8,&#127464;&#127464;,Flags (country-flag),2226,cocos-keeling-islands
congo---kinshasa,ğŸ‡¨ğŸ‡©,Congo - Kinshasa,Congo - Kinshasan,:flag-cd:,1f1e8-1f1e9,&#127464;&#127465;,Flags (country-flag),2227,congo---kinshasa
central-african-republic,ğŸ‡¨ğŸ‡«,Central African Republic,Central African Republicn,:flag-cf:,1f1e8-1f1eb,&#127464;&#127467;,Flags (country-flag),2228,central-african-republic
congo---brazzaville,ğŸ‡¨ğŸ‡¬,Congo - Brazzaville,Congo - Brazzavillen,:flag-cg:,1f1e8-1f1ec,&#127464;&#127468;,Flags (country-flag),2229,congo---brazzaville
switzerland,ğŸ‡¨ğŸ‡­,Switzerland,Swiss,:flag-ch:,1f1e8-1f1ed,&#127464;&#127469;,Flags (country-flag),2230,switzerland
cote-divoire,ğŸ‡¨ğŸ‡®,CÃ´te dâ€™Ivoire,CÃ´te dâ€™Ivoiren,:flag-ci:,1f1e8-1f1ee,&#127464;&#127470;,Flags (country-flag),2231,cote-divoire
cook-islands,ğŸ‡¨ğŸ‡°,Cook Islands,Cook Islands,:flag-ck:,1f1e8-1f1f0,&#127464;&#127472;,Flags (country-flag),2232,cook-islands
chile,ğŸ‡¨ğŸ‡±,Chile,Chilean,:flag-cl:,1f1e8-1f1f1,&#127464;&#127473;,Flags (country-flag),2233,chile
cameroon,ğŸ‡¨ğŸ‡²,Cameroon,Cameroonian,:flag-cm:,1f1e8-1f1f2,&#127464;&#127474;,Flags (country-flag),2234,cameroon
china,ğŸ‡¨ğŸ‡³,China,Chinese,:flag-cn:,1f1e8-1f1f3,&#127464;&#127475;,Flags (country-flag),2235,china
colombia,ğŸ‡¨ğŸ‡´,Colombia,Colombian,:flag-co:,1f1e8-1f1f4,&#127464;&#127476;,Flags (country-flag),2236,colombia
clipperton-island,ğŸ‡¨ğŸ‡µ,Clipperton Island,Clipperton Island,:flag-cp:,1f1e8-1f1f5,&#127464;&#127477;,Flags (country-flag),2237,clipperton-island
costa-rica,ğŸ‡¨ğŸ‡·,Costa Rica,Costa Rican,:flag-cr:,1f1e8-1f1f7,&#127464;&#127479;,Flags (country-flag),2238,costa-rica
cuba,ğŸ‡¨ğŸ‡º,Cuba,Cuban,:flag-cu:,1f1e8-1f1fa,&#127464;&#127482;,Flags (country-flag),2239,cuba
cape-verde,ğŸ‡¨ğŸ‡»,Cape Verde,Cape Verden,:flag-cv:,1f1e8-1f1fb,&#127464;&#127483;,Flags (country-flag),2240,cape-verde
curacao,ğŸ‡¨ğŸ‡¼,CuraÃ§ao,CuraÃ§aon,:flag-cw:,1f1e8-1f1fc,&#127464;&#127484;,Flags (country-flag),2241,curacao
christmas-island,ğŸ‡¨ğŸ‡½,Christmas Island,Christmas Island,:flag-cx:,1f1e8-1f1fd,&#127464;&#127485;,Flags (country-flag),2242,christmas-island
cyprus,ğŸ‡¨ğŸ‡¾,Cyprus,Cypriot,:flag-cy:,1f1e8-1f1fe,&#127464;&#127486;,Flags (country-flag),2243,cyprus
czechia,ğŸ‡¨ğŸ‡¿,Czechia,Czech,:flag-cz:,1f1e8-1f1ff,&#127464;&#127487;,Flags (country-flag),2244,czechia
germany,ğŸ‡©ğŸ‡ª,Germany,German,:flag-de:,1f1e9-1f1ea,&#127465;&#127466;,Flags (country-flag),2245,germany
diego-garcia,ğŸ‡©ğŸ‡¬,Diego Garcia,Diego Garcian,:flag-dg:,1f1e9-1f1ec,&#127465;&#127468;,Flags (country-flag),2246,diego-garcia
djibouti,ğŸ‡©ğŸ‡¯,Djibouti,Djiboutin,:flag-dj:,1f1e9-1f1ef,&#127465;&#127471;,Flags (country-flag),2247,djibouti
denmark,ğŸ‡©ğŸ‡°,Denmark,Danish,:flag-dk:,1f1e9-1f1f0,&#127465;&#127472;,Flags (country-flag),2248,denmark
dominica,ğŸ‡©ğŸ‡²,Dominica,Dominican,:flag-dm:,1f1e9-1f1f2,&#127465;&#127474;,Flags (country-flag),2249,dominica
dominican-republic,ğŸ‡©ğŸ‡´,Dominican Republic,Dominican Republicn,:flag-do:,1f1e9-1f1f4,&#127465;&#127476;,Flags (country-flag),2250,dominican-republic
algeria,ğŸ‡©ğŸ‡¿,Algeria,Algerian,:flag-dz:,1f1e9-1f1ff,&#127465;&#127487;,Flags (country-flag),2251,algeria
ceuta-and-melilla,ğŸ‡ªğŸ‡¦,Ceuta & Melilla,Ceuta & Melillan,:flag-ea:,1f1ea-1f1e6,&#127466;&#127462;,Flags (country-flag),2252,ceuta-and-melilla
ecuador,ğŸ‡ªğŸ‡¨,Ecuador,Ecuadorn,:flag-ec:,1f1ea-1f1e8,&#127466;&#127464;,Flags (country-flag),2253,ecuador
estonia,ğŸ‡ªğŸ‡ª,Estonia,Estonian,:flag-ee:,1f1ea-1f1ea,&#127466;&#127466;,Flags (country-flag),2254,estonia
egypt,ğŸ‡ªğŸ‡¬,Egypt,Egyptn,:flag-eg:,1f1ea-1f1ec,&#127466;&#127468;,Flags (country-flag),2255,egypt
western-sahara,ğŸ‡ªğŸ‡­,Western Sahara,Western Saharan,:flag-eh:,1f1ea-1f1ed,&#127466;&#127469;,Flags (country-flag),2256,western-sahara
eritrea,ğŸ‡ªğŸ‡·,Eritrea,Eritrean,:flag-er:,1f1ea-1f1f7,&#127466;&#127479;,Flags (country-flag),2257,eritrea
spain,ğŸ‡ªğŸ‡¸,Spain,Spanish,:flag-es:,1f1ea-1f1f8,&#127466;&#127480;,Flags (country-flag),2258,spain
ethiopia,ğŸ‡ªğŸ‡¹,Ethiopia,Ethiopian,:flag-et:,1f1ea-1f1f9,&#127466;&#127481;,Flags (country-flag),2259,ethiopia
european-union,ğŸ‡ªğŸ‡º,European Union,European Unionn,:flag-eu:,1f1ea-1f1fa,&#127466;&#127482;,Flags (country-flag),2260,european-union
finland,ğŸ‡«ğŸ‡®,Finland,Finnish,:flag-fi:,1f1eb-1f1ee,&#127467;&#127470;,Flags (country-flag),2261,finland
fiji,ğŸ‡«ğŸ‡¯,Fiji,Fijin,:flag-fj:,1f1eb-1f1ef,&#127467;&#127471;,Flags (country-flag),2262,fiji
falkland-islands,ğŸ‡«ğŸ‡°,Falkland Islands,Falkland Islands,:flag-fk:,1f1eb-1f1f0,&#127467;&#127472;,Flags (country-flag),2263,falkland-islands
micronesia,ğŸ‡«ğŸ‡²,Micronesia,Micronesian,:flag-fm:,1f1eb-1f1f2,&#127467;&#127474;,Flags (country-flag),2264,micronesia
faroe-islands,ğŸ‡«ğŸ‡´,Faroe Islands,Faroe Islands,:flag-fo:,1f1eb-1f1f4,&#127467;&#127476;,Flags (country-flag),2265,faroe-islands
france,ğŸ‡«ğŸ‡·,France,French,:flag-fr:,1f1eb-1f1f7,&#127467;&#127479;,Flags (country-flag),2266,france
gabon,ğŸ‡¬ğŸ‡¦,Gabon,Gabonn,:flag-ga:,1f1ec-1f1e6,&#127468;&#127462;,Flags (country-flag),2267,gabon
united-kingdom,ğŸ‡¬ğŸ‡§,United Kingdom,British,:flag-gb:,1f1ec-1f1e7,&#127468;&#127463;,Flags (country-flag),2268,united-kingdom
grenada,ğŸ‡¬ğŸ‡©,Grenada,Grenadan,:flag-gd:,1f1ec-1f1e9,&#127468;&#127465;,Flags (country-flag),2269,grenada
georgia,ğŸ‡¬ğŸ‡ª,Georgia,Georgian,:flag-ge:,1f1ec-1f1ea,&#127468;&#127466;,Flags (country-flag),2270,georgia
french-guiana,ğŸ‡¬ğŸ‡«,French Guiana,French Guianan,:flag-gf:,1f1ec-1f1eb,&#127468;&#127467;,Flags (country-flag),2271,french-guiana
guernsey,ğŸ‡¬ğŸ‡¬,Guernsey,Guernseyn,:flag-gg:,1f1ec-1f1ec,&#127468;&#127468;,Flags (country-flag),2272,guernsey
ghana,ğŸ‡¬ğŸ‡­,Ghana,Ghanan,:flag-gh:,1f1ec-1f1ed,&#127468;&#127469;,Flags (country-flag),2273,ghana
gibraltar,ğŸ‡¬ğŸ‡®,Gibraltar,Gibraltarn,:flag-gi:,1f1ec-1f1ee,&#127468;&#127470;,Flags (country-flag),2274,gibraltar
greenland,ğŸ‡¬ğŸ‡±,Greenland,Greenlandn,:flag-gl:,1f1ec-1f1f1,&#127468;&#127473;,Flags (country-flag),2275,greenland
gambia,ğŸ‡¬ğŸ‡²,Gambia,Gambian,:flag-gm:,1f1ec-1f1f2,&#127468;&#127474;,Flags (country-flag),2276,gambia
guinea,ğŸ‡¬ğŸ‡³,Guinea,Guinean,:flag-gn:,1f1ec-1f1f3,&#127468;&#127475;,Flags (country-flag),2277,guinea
guadeloupe,ğŸ‡¬ğŸ‡µ,Guadeloupe,Guadeloupen,:flag-gp:,1f1ec-1f1f5,&#127468;&#127477;,Flags (country-flag),2278,guadeloupe
equatorial-guinea,ğŸ‡¬ğŸ‡¶,Equatorial Guinea,Equatorial Guinean,:flag-gq:,1f1ec-1f1f6,&#127468;&#127478;,Flags (country-flag),2279,equatorial-guinea
greece,ğŸ‡¬ğŸ‡·,Greece,Greek,:flag-gr:,1f1ec-1f1f7,&#127468;&#127479;,Flags (country-flag),2280,greece
south-georgia-and-south-sandwich-islands,ğŸ‡¬ğŸ‡¸,South Georgia & South Sandwich Islands,South Georgia & South Sandwich Islands,:flag-gs:,1f1ec-1f1f8,&#127468;&#127480;,Flags (country-flag),2281,south-georgia-and-south-sandwich-islands
guatemala,ğŸ‡¬ğŸ‡¹,Guatemala,Guatemalan,:flag-gt:,1f1ec-1f1f9,&#127468;&#127481;,Flags (country-flag),2282,guatemala
guam,ğŸ‡¬ğŸ‡º,Guam,Guamn,:flag-gu:,1f1ec-1f1fa,&#127468;&#127482;,Flags (country-flag),2283,guam
guinea-bissau,ğŸ‡¬ğŸ‡¼,Guinea-Bissau,Guinea-Bissaun,:flag-gw:,1f1ec-1f1fc,&#127468;&#127484;,Flags (country-flag),2284,guinea-bissau
guyana,ğŸ‡¬ğŸ‡¾,Guyana,Guyanan,:flag-gy:,1f1ec-1f1fe,&#127468;&#127486;,Flags (country-flag),2285,guyana
hong-kong,ğŸ‡­ğŸ‡°,Hong Kong,Hong Kong,:flag-hk:,1f1ed-1f1f0,&#127469;&#127472;,Flags (country-flag),2286,hong-kong
heard-and-mcdonald-islands,ğŸ‡­ğŸ‡²,Heard & McDonald Islands,Heard & McDonald Islands,:flag-hm:,1f1ed-1f1f2,&#127469;&#127474;,Flags (country-flag),2287,heard-and-mcdonald-islands
honduras,ğŸ‡­ğŸ‡³,Honduras,Hondurasn,:flag-hn:,1f1ed-1f1f3,&#127469;&#127475;,Flags (country-flag),2288,honduras
croatia,ğŸ‡­ğŸ‡·,Croatia,Croatian,:flag-hr:,1f1ed-1f1f7,&#127469;&#127479;,Flags (country-flag),2289,croatia
haiti,ğŸ‡­ğŸ‡¹,Haiti,Haitin,:flag-ht:,1f1ed-1f1f9,&#127469;&#127481;,Flags (country-flag),2290,haiti
hungary,ğŸ‡­ğŸ‡º,Hungary,Hungarian,:flag-hu:,1f1ed-1f1fa,&#127469;&#127482;,Flags (country-flag),2291,hungary
canary-islands,ğŸ‡®ğŸ‡¨,Canary Islands,Canary Island,:flag-ic:,1f1ee-1f1e8,&#127470;&#127464;,Flags (country-flag),2292,canary-islands
indonesia,ğŸ‡®ğŸ‡©,Indonesia,Indonesian,:flag-id:,1f1ee-1f1e9,&#127470;&#127465;,Flags (country-flag),2293,indonesia
ireland,ğŸ‡®ğŸ‡ª,Ireland,Irish,:flag-ie:,1f1ee-1f1ea,&#127470;&#127466;,Flags (country-flag),2294,ireland
israel,ğŸ‡®ğŸ‡±,Israel,Israeli,:flag-il:,1f1ee-1f1f1,&#127470;&#127473;,Flags (country-flag),2295,israel
isle-of-man,ğŸ‡®ğŸ‡²,Isle of Man,Isle of Mann,:flag-im:,1f1ee-1f1f2,&#127470;&#127474;,Flags (country-flag),2296,isle-of-man
india,ğŸ‡®ğŸ‡³,India,Indian,:flag-in:,1f1ee-1f1f3,&#127470;&#127475;,Flags (country-flag),2297,india
british-indian-ocean-territory,ğŸ‡®ğŸ‡´,British Indian Ocean Territory,British Indian Ocean Territoryn,:flag-io:,1f1ee-1f1f4,&#127470;&#127476;,Flags (country-flag),2298,british-indian-ocean-territory
iraq,ğŸ‡®ğŸ‡¶,Iraq,Iraqi,:flag-iq:,1f1ee-1f1f6,&#127470;&#127478;,Flags (country-flag),2299,iraq
iran,ğŸ‡®ğŸ‡·,Iran,Iranian,:flag-ir:,1f1ee-1f1f7,&#127470;&#127479;,Flags (country-flag),2300,iran
iceland,ğŸ‡®ğŸ‡¸,Iceland,Icelandic,:flag-is:,1f1ee-1f1f8,&#127470;&#127480;,Flags (country-flag),2301,iceland
italy,ğŸ‡®ğŸ‡¹,Italy,Italian,:flag-it:,1f1ee-1f1f9,&#127470;&#127481;,Flags (country-flag),2302,italy
jersey,ğŸ‡¯ğŸ‡ª,Jersey,Jerseyn,:flag-je:,1f1ef-1f1ea,&#127471;&#127466;,Flags (country-flag),2303,jersey
jamaica,ğŸ‡¯ğŸ‡²,Jamaica,Jamaican,:flag-jm:,1f1ef-1f1f2,&#127471;&#127474;,Flags (country-flag),2304,jamaica
jordan,ğŸ‡¯ğŸ‡´,Jordan,Jordanian,:flag-jo:,1f1ef-1f1f4,&#127471;&#127476;,Flags (country-flag),2305,jordan
japan,ğŸ‡¯ğŸ‡µ,Japan,Japanese,:flag-jp:,1f1ef-1f1f5,&#127471;&#127477;,Flags (country-flag),2306,japan
kenya,ğŸ‡°ğŸ‡ª,Kenya,Kenyan,:flag-ke:,1f1f0-1f1ea,&#127472;&#127466;,Flags (country-flag),2307,kenya
kyrgyzstan,ğŸ‡°ğŸ‡¬,Kyrgyzstan,Kyrgyzstann,:flag-kg:,1f1f0-1f1ec,&#127472;&#127468;,Flags (country-flag),2308,kyrgyzstan
cambodia,ğŸ‡°ğŸ‡­,Cambodia,Cambodian,:flag-kh:,1f1f0-1f1ed,&#127472;&#127469;,Flags (country-flag),2309,cambodia
kiribati,ğŸ‡°ğŸ‡®,Kiribati,Kiribatin,:flag-ki:,1f1f0-1f1ee,&#127472;&#127470;,Flags (country-flag),2310,kiribati
comoros,ğŸ‡°ğŸ‡²,Comoros,Comorosn,:flag-km:,1f1f0-1f1f2,&#127472;&#127474;,Flags (country-flag),2311,comoros
saint-kitts-and-nevis,ğŸ‡°ğŸ‡³,Saint Kitts & Nevis,Saint Kitts & Nevisn,:flag-kn:,1f1f0-1f1f3,&#127472;&#127475;,Flags (country-flag),2312,saint-kitts-and-nevis
north-korea,ğŸ‡°ğŸ‡µ,North Korea,North Korean,:flag-kp:,1f1f0-1f1f5,&#127472;&#127477;,Flags (country-flag),2313,north-korea
south-korea,ğŸ‡°ğŸ‡·,South Korea,South Korean,:flag-kr:,1f1f0-1f1f7,&#127472;&#127479;,Flags (country-flag),2314,south-korea
kuwait,ğŸ‡°ğŸ‡¼,Kuwait,Kuwaitn,:flag-kw:,1f1f0-1f1fc,&#127472;&#127484;,Flags (country-flag),2315,kuwait
cayman-islands,ğŸ‡°ğŸ‡¾,Cayman Islands,Cayman Islands,:flag-ky:,1f1f0-1f1fe,&#127472;&#127486;,Flags (country-flag),2316,cayman-islands
kazakhstan,ğŸ‡°ğŸ‡¿,Kazakhstan,Kazakh,:flag-kz:,1f1f0-1f1ff,&#127472;&#127487;,Flags (country-flag),2317,kazakhstan
laos,ğŸ‡±ğŸ‡¦,Laos,Lao,:flag-la:,1f1f1-1f1e6,&#127473;&#127462;,Flags (country-flag),2318,laos
lebanon,ğŸ‡±ğŸ‡§,Lebanon,Lebanese,:flag-lb:,1f1f1-1f1e7,&#127473;&#127463;,Flags (country-flag),2319,lebanon
saint-lucia,ğŸ‡±ğŸ‡¨,Saint Lucia,Saint Lucian,:flag-lc:,1f1f1-1f1e8,&#127473;&#127464;,Flags (country-flag),2320,saint-lucia
liechtenstein,ğŸ‡±ğŸ‡®,Liechtenstein,Liechtensteinn,:flag-li:,1f1f1-1f1ee,&#127473;&#127470;,Flags (country-flag),2321,liechtenstein
sri-lanka,ğŸ‡±ğŸ‡°,Sri Lanka,Sri Lankan,:flag-lk:,1f1f1-1f1f0,&#127473;&#127472;,Flags (country-flag),2322,sri-lanka
liberia,ğŸ‡±ğŸ‡·,Liberia,Liberian,:flag-lr:,1f1f1-1f1f7,&#127473;&#127479;,Flags (country-flag),2323,liberia
lesotho,ğŸ‡±ğŸ‡¸,Lesotho,Lesothon,:flag-ls:,1f1f1-1f1f8,&#127473;&#127480;,Flags (country-flag),2324,lesotho
lithuania,ğŸ‡±ğŸ‡¹,Lithuania,Lithuanian,:flag-lt:,1f1f1-1f1f9,&#127473;&#127481;,Flags (country-flag),2325,lithuania
luxembourg,ğŸ‡±ğŸ‡º,Luxembourg,Luxembourgn,:flag-lu:,1f1f1-1f1fa,&#127473;&#127482;,Flags (country-flag),2326,luxembourg
latvia,ğŸ‡±ğŸ‡»,Latvia,Latvian,:flag-lv:,1f1f1-1f1fb,&#127473;&#127483;,Flags (country-flag),2327,latvia
libya,ğŸ‡±ğŸ‡¾,Libya,Libyan,:flag-ly:,1f1f1-1f1fe,&#127473;&#127486;,Flags (country-flag),2328,libya
morocco,ğŸ‡²ğŸ‡¦,Morocco,Moroccon,:flag-ma:,1f1f2-1f1e6,&#127474;&#127462;,Flags (country-flag),2329,morocco
monaco,ğŸ‡²ğŸ‡¨,Monaco,Monacon,:flag-mc:,1f1f2-1f1e8,&#127474;&#127464;,Flags (country-flag),2330,monaco
moldova,ğŸ‡²ğŸ‡©,Moldova,Moldovan,:flag-md:,1f1f2-1f1e9,&#127474;&#127465;,Flags (country-flag),2331,moldova
montenegro,ğŸ‡²ğŸ‡ª,Montenegro,Montenegron,:flag-me:,1f1f2-1f1ea,&#127474;&#127466;,Flags (country-flag),2332,montenegro
saint-martin,ğŸ‡²ğŸ‡«,Saint Martin,Saint Martinn,:flag-mf:,1f1f2-1f1eb,&#127474;&#127467;,Flags (country-flag),2333,saint-martin
madagascar,ğŸ‡²ğŸ‡¬,Madagascar,Madagascarn,:flag-mg:,1f1f2-1f1ec,&#127474;&#127468;,Flags (country-flag),2334,madagascar
marshall-islands,ğŸ‡²ğŸ‡­,Marshall Islands,Marshall Islands,:flag-mh:,1f1f2-1f1ed,&#127474;&#127469;,Flags (country-flag),2335,marshall-islands
north-macedonia,ğŸ‡²ğŸ‡°,North Macedonia,North Macedonian,:flag-mk:,1f1f2-1f1f0,&#127474;&#127472;,Flags (country-flag),2336,north-macedonia
mali,ğŸ‡²ğŸ‡±,Mali,Malian,:flag-ml:,1f1f2-1f1f1,&#127474;&#127473;,Flags (country-flag),2337,mali
myanmar,ğŸ‡²ğŸ‡²,Myanmar,Burmese,:flag-mm:,1f1f2-1f1f2,&#127474;&#127474;,Flags (country-flag),2338,myanmar
mongolia,ğŸ‡²ğŸ‡³,Mongolia,Mongolian,:flag-mn:,1f1f2-1f1f3,&#127474;&#127475;,Flags (country-flag),2339,mongolia
macao,ğŸ‡²ğŸ‡´,Macao,Macao,:flag-mo:,1f1f2-1f1f4,&#127474;&#127476;,Flags (country-flag),2340,macao
northern-mariana-islands,ğŸ‡²ğŸ‡µ,Northern Mariana Islands,Northern Mariana Island,:flag-mp:,1f1f2-1f1f5,&#127474;&#127477;,Flags (country-flag),2341,northern-mariana-islands
martinique,ğŸ‡²ğŸ‡¶,Martinique,Martiniquen,:flag-mq:,1f1f2-1f1f6,&#127474;&#127478;,Flags (country-flag),2342,martinique
mauritania,ğŸ‡²ğŸ‡·,Mauritania,Mauritanian,:flag-mr:,1f1f2-1f1f7,&#127474;&#127479;,Flags (country-flag),2343,mauritania
montserrat,ğŸ‡²ğŸ‡¸,Montserrat,Montserratn,:flag-ms:,1f1f2-1f1f8,&#127474;&#127480;,Flags (country-flag),2344,montserrat
malta,ğŸ‡²ğŸ‡¹,Malta,Maltese,:flag-mt:,1f1f2-1f1f9,&#127474;&#127481;,Flags (country-flag),2345,malta
mauritius,ğŸ‡²ğŸ‡º,Mauritius,Mauritiusn,:flag-mu:,1f1f2-1f1fa,&#127474;&#127482;,Flags (country-flag),2346,mauritius
maldives,ğŸ‡²ğŸ‡»,Maldives,Maldivesn,:flag-mv:,1f1f2-1f1fb,&#127474;&#127483;,Flags (country-flag),2347,maldives
malawi,ğŸ‡²ğŸ‡¼,Malawi,Malawin,:flag-mw:,1f1f2-1f1fc,&#127474;&#127484;,Flags (country-flag),2348,malawi
mexico,ğŸ‡²ğŸ‡½,Mexico,Mexican,:flag-mx:,1f1f2-1f1fd,&#127474;&#127485;,Flags (country-flag),2349,mexico
malaysia,ğŸ‡²ğŸ‡¾,Malaysia,Malaysian,:flag-my:,1f1f2-1f1fe,&#127474;&#127486;,Flags (country-flag),2350,malaysia
mozambique,ğŸ‡²ğŸ‡¿,Mozambique,Mozambiquen,:flag-mz:,1f1f2-1f1ff,&#127474;&#127487;,Flags (country-flag),2351,mozambique
namibia,ğŸ‡³ğŸ‡¦,Namibia,Namibian,:flag-na:,1f1f3-1f1e6,&#127475;&#127462;,Flags (country-flag),2352,namibia
new-caledonia,ğŸ‡³ğŸ‡¨,New Caledonia,New Caledonian,:flag-nc:,1f1f3-1f1e8,&#127475;&#127464;,Flags (country-flag),2353,new-caledonia
niger,ğŸ‡³ğŸ‡ª,Niger,Niger,:flag-ne:,1f1f3-1f1ea,&#127475;&#127466;,Flags (country-flag),2354,niger
norfolk-island,ğŸ‡³ğŸ‡«,Norfolk Island,Norfolk Island,:flag-nf:,1f1f3-1f1eb,&#127475;&#127467;,Flags (country-flag),2355,norfolk-island
nigeria,ğŸ‡³ğŸ‡¬,Nigeria,Nigerian,:flag-ng:,1f1f3-1f1ec,&#127475;&#127468;,Flags (country-flag),2356,nigeria
nicaragua,ğŸ‡³ğŸ‡®,Nicaragua,Nicaraguan,:flag-ni:,1f1f3-1f1ee,&#127475;&#127470;,Flags (country-flag),2357,nicaragua
netherlands,ğŸ‡³ğŸ‡±,Netherlands,Dutch,:flag-nl:,1f1f3-1f1f1,&#127475;&#127473;,Flags (country-flag),2358,netherlands
norway,ğŸ‡³ğŸ‡´,Norway,Norwegian,:flag-no:,1f1f3-1f1f4,&#127475;&#127476;,Flags (country-flag),2359,norway
nepal,ğŸ‡³ğŸ‡µ,Nepal,Nepaln,:flag-np:,1f1f3-1f1f5,&#127475;&#127477;,Flags (country-flag),2360,nepal
nauru,ğŸ‡³ğŸ‡·,Nauru,Naurun,:flag-nr:,1f1f3-1f1f7,&#127475;&#127479;,Flags (country-flag),2361,nauru
niue,ğŸ‡³ğŸ‡º,Niue,Niuen,:flag-nu:,1f1f3-1f1fa,&#127475;&#127482;,Flags (country-flag),2362,niue
new-zealand,ğŸ‡³ğŸ‡¿,New Zealand,New Zealand,:flag-nz:,1f1f3-1f1ff,&#127475;&#127487;,Flags (country-flag),2363,new-zealand
oman,ğŸ‡´ğŸ‡²,Oman,Omani,:flag-om:,1f1f4-1f1f2,&#127476;&#127474;,Flags (country-flag),2364,oman
panama,ğŸ‡µğŸ‡¦,Panama,Panamanian,:flag-pa:,1f1f5-1f1e6,&#127477;&#127462;,Flags (country-flag),2365,panama
peru,ğŸ‡µğŸ‡ª,Peru,Peruvian,:flag-pe:,1f1f5-1f1ea,&#127477;&#127466;,Flags (country-flag),2366,peru
french-polynesia,ğŸ‡µğŸ‡«,French Polynesia,French Polynesian,:flag-pf:,1f1f5-1f1eb,&#127477;&#127467;,Flags (country-flag),2367,french-polynesia
papua-new-guinea,ğŸ‡µğŸ‡¬,Papua New Guinea,Papua New Guinean,:flag-pg:,1f1f5-1f1ec,&#127477;&#127468;,Flags (country-flag),2368,papua-new-guinea
philippines,ğŸ‡µğŸ‡­,Philippines,Filipino,:flag-ph:,1f1f5-1f1ed,&#127477;&#127469;,Flags (country-flag),2369,philippines
pakistan,ğŸ‡µğŸ‡°,Pakistan,Pakistani,:flag-pk:,1f1f5-1f1f0,&#127477;&#127472;,Flags (country-flag),2370,pakistan
poland,ğŸ‡µğŸ‡±,Poland,Polish,:flag-pl:,1f1f5-1f1f1,&#127477;&#127473;,Flags (country-flag),2371,poland
saint-pierre-and-miquelon,ğŸ‡µğŸ‡²,Saint Pierre & Miquelon,Saint Pierre & Miquelon,:flag-pm:,1f1f5-1f1f2,&#127477;&#127474;,Flags (country-flag),2372,saint-pierre-and-miquelon
pitcairn-islands,ğŸ‡µğŸ‡³,Pitcairn Islands,Pitcairn Island,:flag-pn:,1f1f5-1f1f3,&#127477;&#127475;,Flags (country-flag),2373,pitcairn-islands
puerto-rico,ğŸ‡µğŸ‡·,Puerto Rico,Puerto Rican,:flag-pr:,1f1f5-1f1f7,&#127477;&#127479;,Flags (country-flag),2374,puerto-rico
palestinian-territories,ğŸ‡µğŸ‡¸,Palestinian Territories,Palestinian,:flag-ps:,1f1f5-1f1f8,&#127477;&#127480;,Flags (country-flag),2375,palestinian-territories
portugal,ğŸ‡µğŸ‡¹,Portugal,Portuguese,:flag-pt:,1f1f5-1f1f9,&#127477;&#127481;,Flags (country-flag),2376,portugal
palau,ğŸ‡µğŸ‡¼,Palau,Palaun,:flag-pw:,1f1f5-1f1fc,&#127477;&#127484;,Flags (country-flag),2377,palau
paraguay,ğŸ‡µğŸ‡¾,Paraguay,Paraguayan,:flag-py:,1f1f5-1f1fe,&#127477;&#127486;,Flags (country-flag),2378,paraguay
qatar,ğŸ‡¶ğŸ‡¦,Qatar,Qatari,:flag-qa:,1f1f6-1f1e6,&#127478;&#127462;,Flags (country-flag),2379,qatar
reunion,ğŸ‡·ğŸ‡ª,RÃ©union,RÃ©unionn,:flag-re:,1f1f7-1f1ea,&#127479;&#127466;,Flags (country-flag),2380,reunion
romania,ğŸ‡·ğŸ‡´,Romania,Romanian,:flag-ro:,1f1f7-1f1f4,&#127479;&#127476;,Flags (country-flag),2381,romania
serbia,ğŸ‡·ğŸ‡¸,Serbia,Serbian,:flag-rs:,1f1f7-1f1f8,&#127479;&#127480;,Flags (country-flag),2382,serbia
russia,ğŸ‡·ğŸ‡º,Russia,Russian,:flag-ru:,1f1f7-1f1fa,&#127479;&#127482;,Flags (country-flag),2383,russia
rwanda,ğŸ‡·ğŸ‡¼,Rwanda,Rwandan,:flag-rw:,1f1f7-1f1fc,&#127479;&#127484;,Flags (country-flag),2384,rwanda
saudi-arabia,ğŸ‡¸ğŸ‡¦,Saudi Arabia,Saudi Arabian,:flag-sa:,1f1f8-1f1e6,&#127480;&#127462;,Flags (country-flag),2385,saudi-arabia
solomon-islands,ğŸ‡¸ğŸ‡§,Solomon Islands,Solomon Islands,:flag-sb:,1f1f8-1f1e7,&#127480;&#127463;,Flags (country-flag),2386,solomon-islands
seychelles,ğŸ‡¸ğŸ‡¨,Seychelles,Seychellesn,:flag-sc:,1f1f8-1f1e8,&#127480;&#127464;,Flags (country-flag),2387,seychelles
sudan,ğŸ‡¸ğŸ‡©,Sudan,Sudann,:flag-sd:,1f1f8-1f1e9,&#127480;&#127465;,Flags (country-flag),2388,sudan
sweden,ğŸ‡¸ğŸ‡ª,Sweden,Swedish,:flag-se:,1f1f8-1f1ea,&#127480;&#127466;,Flags (country-flag),2389,sweden
singapore,ğŸ‡¸ğŸ‡¬,Singapore,Singaporen,:flag-sg:,1f1f8-1f1ec,&#127480;&#127468;,Flags (country-flag),2390,singapore
saint-helena,ğŸ‡¸ğŸ‡­,Saint Helena,Saint Helenan,:flag-sh:,1f1f8-1f1ed,&#127480;&#127469;,Flags (country-flag),2391,saint-helena
slovenia,ğŸ‡¸ğŸ‡®,Slovenia,Slovenian,:flag-si:,1f1f8-1f1ee,&#127480;&#127470;,Flags (country-flag),2392,slovenia
svalbard-and-jan-mayen,ğŸ‡¸ğŸ‡¯,Svalbard & Jan Mayen,Svalbard & Jan Mayenn,:flag-sj:,1f1f8-1f1ef,&#127480;&#127471;,Flags (country-flag),2393,svalbard-and-jan-mayen
slovakia,ğŸ‡¸ğŸ‡°,Slovakia,Slovakian,:flag-sk:,1f1f8-1f1f0,&#127480;&#127472;,Flags (country-flag),2394,slovakia
sierra-leone,ğŸ‡¸ğŸ‡±,Sierra Leone,Sierra Leonen,:flag-sl:,1f1f8-1f1f1,&#127480;&#127473;,Flags (country-flag),2395,sierra-leone
san-marino,ğŸ‡¸ğŸ‡²,San Marino,San Marinon,:flag-sm:,1f1f8-1f1f2,&#127480;&#127474;,Flags (country-flag),2396,san-marino
senegal,ğŸ‡¸ğŸ‡³,Senegal,Senegaln,:flag-sn:,1f1f8-1f1f3,&#127480;&#127475;,Flags (country-flag),2397,senegal
somalia,ğŸ‡¸ğŸ‡´,Somalia,Somalian,:flag-so:,1f1f8-1f1f4,&#127480;&#127476;,Flags (country-flag),2398,somalia
suriname,ğŸ‡¸ğŸ‡·,Suriname,Surinamen,:flag-sr:,1f1f8-1f1f7,&#127480;&#127479;,Flags (country-flag),2399,suriname
south-sudan,ğŸ‡¸ğŸ‡¸,South Sudan,South Sudann,:flag-ss:,1f1f8-1f1f8,&#127480;&#127480;,Flags (country-flag),2400,south-sudan
sao-tome-and-principe,ğŸ‡¸ğŸ‡¹,SÃ£o TomÃ© & PrÃ­ncipe,SÃ£o TomÃ© & PrÃ­ncipen,:flag-st:,1f1f8-1f1f9,&#127480;&#127481;,Flags (country-flag),2401,sao-tome-and-principe
el-salvador,ğŸ‡¸ğŸ‡»,El Salvador,El Salvadorn,:flag-sv:,1f1f8-1f1fb,&#127480;&#127483;,Flags (country-flag),2402,el-salvador
sint-maarten,ğŸ‡¸ğŸ‡½,Sint Maarten,Sint Maartenn,:flag-sx:,1f1f8-1f1fd,&#127480;&#127485;,Flags (country-flag),2403,sint-maarten
syria,ğŸ‡¸ğŸ‡¾,Syria,Syrian,:flag-sy:,1f1f8-1f1fe,&#127480;&#127486;,Flags (country-flag),2404,syria
eswatini,ğŸ‡¸ğŸ‡¿,Eswatini,Eswatinin,:flag-sz:,1f1f8-1f1ff,&#127480;&#127487;,Flags (country-flag),2405,eswatini
tristan-da-cunha,ğŸ‡¹ğŸ‡¦,Tristan da Cunha,Tristan da Cunhan,:flag-ta:,1f1f9-1f1e6,&#127481;&#127462;,Flags (country-flag),2406,tristan-da-cunha
turks-and-caicos-islands,ğŸ‡¹ğŸ‡¨,Turks & Caicos Islands,Turks & Caicos Islands,:flag-tc:,1f1f9-1f1e8,&#127481;&#127464;,Flags (country-flag),2407,turks-and-caicos-islands
chad,ğŸ‡¹ğŸ‡©,Chad,Chadn,:flag-td:,1f1f9-1f1e9,&#127481;&#127465;,Flags (country-flag),2408,chad
french-southern-territories,ğŸ‡¹ğŸ‡«,French Southern Territories,French Southern Territoriesn,:flag-tf:,1f1f9-1f1eb,&#127481;&#127467;,Flags (country-flag),2409,french-southern-territories
togo,ğŸ‡¹ğŸ‡¬,Togo,Togon,:flag-tg:,1f1f9-1f1ec,&#127481;&#127468;,Flags (country-flag),2410,togo
thailand,ğŸ‡¹ğŸ‡­,Thailand,Thailandn,:flag-th:,1f1f9-1f1ed,&#127481;&#127469;,Flags (country-flag),2411,thailand
tajikistan,ğŸ‡¹ğŸ‡¯,Tajikistan,Tajikistann,:flag-tj:,1f1f9-1f1ef,&#127481;&#127471;,Flags (country-flag),2412,tajikistan
tokelau,ğŸ‡¹ğŸ‡°,Tokelau,Tokelaun,:flag-tk:,1f1f9-1f1f0,&#127481;&#127472;,Flags (country-flag),2413,tokelau
timor-leste,ğŸ‡¹ğŸ‡±,Timor-Leste,Timor-Lesten,:flag-tl:,1f1f9-1f1f1,&#127481;&#127473;,Flags (country-flag),2414,timor-leste
turkmenistan,ğŸ‡¹ğŸ‡²,Turkmenistan,Turkmenistann,:flag-tm:,1f1f9-1f1f2,&#127481;&#127474;,Flags (country-flag),2415,turkmenistan
tunisia,ğŸ‡¹ğŸ‡³,Tunisia,Tunisian,:flag-tn:,1f1f9-1f1f3,&#127481;&#127475;,Flags (country-flag),2416,tunisia
tonga,ğŸ‡¹ğŸ‡´,Tonga,Tongan,:flag-to:,1f1f9-1f1f4,&#127481;&#127476;,Flags (country-flag),2417,tonga
turkey,ğŸ‡¹ğŸ‡·,Turkey,Turkeyn,:flag-tr:,1f1f9-1f1f7,&#127481;&#127479;,Flags (country-flag),2418,turkey
trinidad-and-tobago,ğŸ‡¹ğŸ‡¹,Trinidad & Tobago,Trinidad & Tobagon,:flag-tt:,1f1f9-1f1f9,&#127481;&#127481;,Flags (country-flag),2419,trinidad-and-tobago
tuvalu,ğŸ‡¹ğŸ‡»,Tuvalu,Tuvalun,:flag-tv:,1f1f9-1f1fb,&#127481;&#127483;,Flags (country-flag),2420,tuvalu
taiwan,ğŸ‡¹ğŸ‡¼,Taiwan,Taiwanese,:flag-tw:,1f1f9-1f1fc,&#127481;&#127484;,Flags (country-flag),2421,taiwan
tanzania,ğŸ‡¹ğŸ‡¿,Tanzania,Tanzanian,:flag-tz:,1f1f9-1f1ff,&#127481;&#127487;,Flags (country-flag),2422,tanzania
ukraine,ğŸ‡ºğŸ‡¦,Ukraine,Ukrainian,:flag-ua:,1f1fa-1f1e6,&#127482;&#127462;,Flags (country-flag),2423,ukraine
uganda,ğŸ‡ºğŸ‡¬,Uganda,Ugandan,:flag-ug:,1f1fa-1f1ec,&#127482;&#127468;,Flags (country-flag),2424,uganda
us-outlying-islands,ğŸ‡ºğŸ‡²,U.S. Outlying Islands,U.S. Outlying Islands,:flag-um:,1f1fa-1f1f2,&#127482;&#127474;,Flags (country-flag),2425,us-outlying-islands
united-states,ğŸ‡ºğŸ‡¸,United States,American,:flag-us:,1f1fa-1f1f8,&#127482;&#127480;,Flags (country-flag),2427,united-states
uruguay,ğŸ‡ºğŸ‡¾,Uruguay,Uruguayn,:flag-uy:,1f1fa-1f1fe,&#127482;&#127486;,Flags (country-flag),2428,uruguay
uzbekistan,ğŸ‡ºğŸ‡¿,Uzbekistan,Uzbek,:flag-uz:,1f1fa-1f1ff,&#127482;&#127487;,Flags (country-flag),2429,uzbekistan
vatican-city,ğŸ‡»ğŸ‡¦,Vatican City,Vaticanian,:flag-va:,1f1fb-1f1e6,&#127483;&#127462;,Flags (country-flag),2430,vatican-city
saint-vincent-and-grenadines,ğŸ‡»ğŸ‡¨,Saint Vincent & Grenadines,Saint Vincentian,:flag-vc:,1f1fb-1f1e8,&#127483;&#127464;,Flags (country-flag),2431,saint-vincent-and-grenadines
venezuela,ğŸ‡»ğŸ‡ª,Venezuela,Venezuelan,:flag-ve:,1f1fb-1f1ea,&#127483;&#127466;,Flags (country-flag),2432,venezuela
british-virgin-islands,ğŸ‡»ğŸ‡¬,British Virgin Islands,British Virgin Island,:flag-vg:,1f1fb-1f1ec,&#127483;&#127468;,Flags (country-flag),2433,british-virgin-islands
us-virgin-islands,ğŸ‡»ğŸ‡®,U.S. Virgin Islands,U.S. Virgin Island,:flag-vi:,1f1fb-1f1ee,&#127483;&#127470;,Flags (country-flag),2434,us-virgin-islands
vietnam,ğŸ‡»ğŸ‡³,Vietnam,Vietnamese,:flag-vn:,1f1fb-1f1f3,&#127483;&#127475;,Flags (country-flag),2435,vietnam
vanuatu,ğŸ‡»ğŸ‡º,Vanuatu,Vanuatun,:flag-vu:,1f1fb-1f1fa,&#127483;&#127482;,Flags (country-flag),2436,vanuatu
wallis-and-futuna,ğŸ‡¼ğŸ‡«,Wallis & Futuna,Wallis & Futunan,:flag-wf:,1f1fc-1f1eb,&#127484;&#127467;,Flags (country-flag),2437,wallis-and-futuna
samoa,ğŸ‡¼ğŸ‡¸,Samoa,Samoan,:flag-ws:,1f1fc-1f1f8,&#127484;&#127480;,Flags (country-flag),2438,samoa
kosovo,ğŸ‡½ğŸ‡°,Kosovo,Kosovon,:flag-xk:,1f1fd-1f1f0,&#127485;&#127472;,Flags (country-flag),2439,kosovo
yemen,ğŸ‡¾ğŸ‡ª,Yemen,Yemeni,:flag-ye:,1f1fe-1f1ea,&#127486;&#127466;,Flags (country-flag),2440,yemen
mayotte,ğŸ‡¾ğŸ‡¹,Mayotte,Mayotten,:flag-yt:,1f1fe-1f1f9,&#127486;&#127481;,Flags (country-flag),2441,mayotte
south-africa,ğŸ‡¿ğŸ‡¦,South Africa,South African,:flag-za:,1f1ff-1f1e6,&#127487;&#127462;,Flags (country-flag),2442,south-africa
zambia,ğŸ‡¿ğŸ‡²,Zambia,Zambian,:flag-zm:,1f1ff-1f1f2,&#127487;&#127474;,Flags (country-flag),2443,zambia
zimbabwe,ğŸ‡¿ğŸ‡¼,Zimbabwe,Zimbabwean,:flag-zw:,1f1ff-1f1fc,&#127487;&#127484;,Flags (country-flag),2444,zimbabwe
england,ğŸ´ó §ó ¢ó ¥ó ®ó §ó ¿,England,English,:England:,1F3F4 E0067 E0062 E0065 E006E E0067 E007F,&#x1F3F4;&#xE0067;&#xE0062;&#xE0065;&#xE006E;&#xE0067;&#xE007F;,Flags (subdivision-flag),,england
scotland,ğŸ´ó §ó ¢ó ³ó £ó ´ó ¿,Scotland,Scottish,:Scotland:,1F3F4 E0067 E0062 E0073 E0063 E0074 E007F,&#x1F3F4;&#xE0067;&#xE0062;&#xE0073;&#xE0063;&#xE0074;&#xE007F;,Flags (subdivision-flag),,scotland
wales,ğŸ´ó §ó ¢ó ·ó ¬ó ³ó ¿,Wales,Welsh,:wales:,1F3F4 E0067 E0062 E0077 E006C E0073 E007F,&#x1F3F4;&#xE0067;&#xE0062;&#xE0077;&#xE006C;&#xE0073;&#xE007F;,(subdivision-flag),,wales
roman-empire,,Roman Empire,Roman,,,,,,
persia,,Persia,Persian,,,,,,
kashmir,,Kashmir,Kashmiri,,,,,,
sapmi,,SÃ¡pmi,SÃ¡mi,,,,,,